Complex_ID,Borough,Complex_Name,Daytime_Routes,Complex_Latitude,Complex_Longitude,Weekday_2008,Weekday_2009,Weekday_2010,Weekday_2011,Weekday_2012,Weekday_2013,Weekday_2014,Weekday_2015,Weekday_2016,Weekday_2017,Weekday_2018,Weekday_2019
1,Q,Astoria - Ditmars Blvd,N W,40.775036,-73.912034,16748,16027,16148,16541,16777,17039,17178,17181,17345,16686,15663,17912
2,Q,Astoria Blvd,N W,40.770258,-73.917843,11146,10993,11173,11809,12127,12210,12209,12344,12358,13103,14425,2410
3,Q,30 Av,N W,40.766779,-73.921479,13781,13430,13791,13774,14515,14802,14897,14771,14739,11381,8286,17906
4,Q,Broadway,N W,40.76182,-73.925508,13018,12511,12644,12678,13041,13280,13515,13236,12957,13242,8473,10195
5,Q,36 Av,N W,40.756804,-73.929575,7395,7187,7352,7194,7669,7688,7577,7447,7347,5525,5073,6602
6,Q,39 Av,N W,40.752882,-73.932755,2269,2562,2833,2768,3044,3262,3504,3391,3207,3267,2356,2555
8,M,5 Av/59 St,N W R,40.764811,-73.973347,18894,17762,18200,18797,18816,18394,19245,18957,18637,16871,16638,15854
9,M,57 St - 7 Av,N Q R W,40.764664,-73.980658,29393,28121,27958,27497,28044,28159,29414,29976,30311,35390,37870,35078
10,M,49 St,N R W,40.759901,-73.984139,25796,24487,25284,25480,25793,25356,26546,25459,27077,26519,25911,23854
13,M,28 St,R W,40.745494,-73.988691,9965,9657,10003,10894,11502,11607,12407,13271,13680,13256,14302,13144
14,M,23 St,R W,40.741303,-73.989344,19695,19065,20007,22080,22981,22760,24060,25973,26693,25007,26381,23398
16,M,8 St - NYU,R W,40.730328,-73.992629,16696,16303,16759,17759,17766,16597,17248,17902,18305,16994,17192,16870
17,M,Prince St,R W,40.724329,-73.997702,14330,13834,14826,16223,16344,15261,15404,15597,15424,14400,14408,12827
20,M,City Hall,R W,40.713282,-74.006978,11107,10636,9840,8954,7330,5666,4344,6310,6766,7731,6657,6050
22,M,Rector St,R W,40.70722,-74.013342,10479,9487,8588,8083,6912,5362,4127,6157,6524,7092,7185,6926
26,Bk,DeKalb Av,B Q R,40.690635,-73.981824,16724,16835,16905,17180,17791,17318,17350,17889,18774,21230,22069,22000
28,Bk,Union St,R,40.677316,-73.98311,6581,6591,6738,7010,6935,6528,6415,6599,6512,6395,6835,7375
30,Bk,Prospect Av,R,40.665414,-73.992872,6042,6008,6006,6230,6147,5934,5943,5896,5842,3199,5523,5967
31,Bk,25 St,R,40.660397,-73.998091,3859,3736,3812,3915,3820,3821,3959,3847,3788,4547,3755,3738
32,Bk,36 St,D N R,40.655144,-74.003549,11151,10852,11135,11411,11946,12059,12497,12810,13180,13894,13493,13342
33,Bk,45 St,R,40.648939,-74.010006,7303,7171,7059,7218,7070,6978,7208,7265,7055,7877,7205,7755
34,Bk,53 St,R,40.645069,-74.014034,7648,7460,7423,7533,7476,7479,7512,7458,7386,3788,7565,8812
35,Bk,59 St,N R,40.641362,-74.017881,12020,11756,11979,11999,12317,12506,12871,13048,13144,16759,12301,11240
36,Bk,Bay Ridge Av,R,40.634967,-74.023377,8215,8092,8119,8240,8206,8079,8283,8379,8415,4173,7236,7677
37,Bk,77 St,R,40.629742,-74.02551,5236,5080,5146,5228,5306,5353,5548,5608,5720,6746,5612,5595
38,Bk,86 St,R,40.622687,-74.028398,10659,10457,10710,11076,11313,11648,11920,11963,12078,11742,11338,11233
39,Bk,Bay Ridge - 95 St,R,40.616622,-74.030876,5722,5617,5715,5848,5996,5974,6051,6101,6090,5969,5812,5847
41,Bk,7 Av,B Q,40.67705,-73.972367,9590,9568,9614,9615,9408,9389,9495,9641,9731,10270,10210,10209
42,Bk,Prospect Park,B Q,40.661614,-73.962246,8675,8641,8496,8557,9024,9761,9715,10033,9995,10234,10059,10152
43,Bk,Parkside Av,B Q,40.655292,-73.961495,5648,5661,6407,6691,5729,4240,4969,5266,5524,5898,6050,6173
44,Bk,Church Av,B Q,40.650527,-73.962982,16295,15769,14696,14876,16042,17638,17473,17811,17482,17186,16528,16251
45,Bk,Beverley Rd,B Q,40.644031,-73.964492,2875,2933,3436,3567,3096,2340,2690,2894,3059,3267,3350,3410
46,Bk,Cortelyou Rd,B Q,40.640927,-73.963891,6171,6088,6578,6812,6379,5318,5727,6220,6332,6348,6276,6319
47,Bk,Newkirk Plaza,B Q,40.635082,-73.962793,10004,9375,9179,9672,9890,10788,10707,10864,10842,10728,10534,10514
48,Bk,Avenue H,B Q,40.62927,-73.961639,2820,2697,2174,1724,2714,2861,2961,2994,3183,3329,3418,3354
49,Bk,Avenue J,B Q,40.625039,-73.960803,6506,6237,6742,6860,5974,6036,6060,6009,6136,6154,6058,5826
50,Bk,Avenue M,B Q,40.617618,-73.959399,6188,5713,4628,4632,5544,5836,5903,5869,6052,6094,6001,5678
51,Bk,Kings Hwy,B Q,40.60867,-73.957734,19193,18462,19091,17639,18422,18799,19010,19500,20094,19975,19569,19745
52,Bk,Avenue U,B Q,40.5993,-73.955929,7173,5875,4101,6816,6694,6821,6922,6975,7384,7391,7323,7262
53,Bk,Neck Rd,B Q,40.595246,-73.955161,3796,3182,2606,4114,3834,3941,4033,4207,4354,4441,4405,4401
54,Bk,Sheepshead Bay,B Q,40.586896,-73.954155,14899,14670,14969,13716,14083,14010,14118,14304,14477,14311,13946,13908
55,Bk,Brighton Beach,B Q,40.577621,-73.961376,13064,12848,12770,12421,12376,12185,12498,12794,13035,12587,12065,11841
56,Bk,Ocean Pkwy,Q,40.576312,-73.968501,2992,3075,3350,3314,3155,3141,3124,3203,3211,3251,3199,3242
57,Bk,W 8 St - NY Aquarium,F Q,40.576127,-73.975939,2333,2302,2506,2478,2285,2069,2262,2397,2421,2404,2469,2471
58,Bk,Coney Island - Stillwell Av,D F N Q,40.577422,-73.981233,12488,12240,13079,13254,13474,13177,13734,14073,14098,13542,13203,12819
59,Bk,9 Av,D,40.646292,-73.994324,6152,5945,5955,5533,5440,5857,6004,5856,5867,5471,5344,5406
60,Bk,Fort Hamilton Pkwy,D,40.640914,-73.994304,3809,3783,3772,3640,3403,3984,4248,4260,4420,4162,3936,3983
61,Bk,50 St,D,40.63626,-73.994791,3279,3130,3129,3008,3172,3308,3289,3220,3336,3236,3195,3246
62,Bk,55 St,D,40.631435,-73.995476,2046,1925,1944,1983,1859,1964,1981,2002,2223,2106,2185,2141
64,Bk,71 St,D,40.619589,-73.998864,4538,4270,4365,3740,4007,4538,4682,4802,6501,5905,5607,5499
65,Bk,79 St,D,40.613501,-74.00061,5775,5577,5733,5554,5612,6293,6617,6755,6973,6565,6177,6225
66,Bk,18 Av,D,40.607954,-74.001736,5667,5611,5699,5516,5544,6162,6326,6242,6413,6196,6136,6218
67,Bk,20 Av,D,40.604556,-73.998168,4680,4531,4517,4478,4556,4859,4930,5115,5268,5009,4905,5037
68,Bk,Bay Pkwy,D,40.601875,-73.993728,6979,6673,6753,6594,6726,7111,7322,7501,8069,7837,7719,7723
69,Bk,25 Av,D,40.597704,-73.986829,4445,4304,4318,4220,4046,4607,4761,4886,6507,5790,5083,4877
70,Bk,Bay 50 St,D,40.588841,-73.983765,2820,3170,3260,3117,2632,2793,2875,2872,3176,2926,2674,2662
71,Bk,8 Av,N,40.635064,-74.011719,9594,9987,10215,10480,10613,10873,11341,11430,14201,12514,11474,11608
72,Bk,Fort Hamilton Pkwy,N,40.631386,-74.005351,6399,6407,6508,6715,6786,7034,7244,6964,1771,3196,3232,4468
74,Bk,18 Av,N,40.620671,-73.990414,5077,5227,5049,5469,5507,5092,5491,5502,2266,3107,3097,3681
75,Bk,20 Av,N,40.61741,-73.985026,3923,4108,3903,4011,4091,4190,4277,4223,1348,2139,3514,3692
76,Bk,Bay Pkwy,N,40.611815,-73.981848,6180,6494,6497,6703,6892,6990,7301,7164,10955,9328,7261,6565
77,Bk,Kings Hwy,N,40.603923,-73.980353,4923,4989,5017,5065,5104,5154,5344,5482,1489,2891,3328,4363
78,Bk,Avenue U,N,40.597473,-73.979137,3537,3871,3872,3804,3980,3738,3857,3894,1399,2285,2627,3156
79,Bk,86 St,N,40.592721,-73.97823,2194,2307,2389,2491,2552,2515,2622,2718,1298,1534,1928,2224
80,Q,121 St,J Z,40.700492,-73.828294,2021,2091,2176,2248,2218,2222,2397,2462,2500,1135,1354,2341
81,Q,111 St,J,40.697418,-73.836345,2637,2607,2650,2683,2613,2605,2596,2627,2607,3235,2819,1169
82,Q,104 St,J Z,40.695178,-73.84433,2509,2498,2527,2558,2553,2575,2659,2710,2758,1727,1587,2727
83,Q,Woodhaven Blvd,J Z,40.693879,-73.851576,4173,4176,4260,4433,4464,4576,4796,4940,4838,5104,4771,4607
84,Q,85 St - Forest Pkwy,J,40.692435,-73.86001,3693,3592,3643,3704,3776,3792,3860,3947,3968,3923,3699,3669
85,Q,75 St,J Z,40.691324,-73.867139,3758,3737,3686,3714,3757,3759,3777,3837,3837,3641,3464,3573
86,Bk,Cypress Hills,J,40.689941,-73.87255,1393,1379,1398,1434,1391,1431,1444,1456,1501,1501,1457,1474
87,Bk,Crescent St,J Z,40.683194,-73.873785,4429,4428,4551,4667,4635,4683,4925,5073,5053,4842,4539,4463
88,Bk,Norwood Av,J Z,40.68141,-73.880039,3390,3319,3381,3366,3518,3492,3603,3639,3613,3437,3190,3156
89,Bk,Cleveland St,J,40.679947,-73.884639,2943,3013,3080,3148,3271,3328,3467,3514,3483,3270,2975,2935
90,Bk,Van Siclen Av,J Z,40.678024,-73.891688,2437,2550,2615,2765,2829,2883,2940,3004,3067,2900,2678,2614
91,Bk,Alabama Av,J,40.676992,-73.898654,2119,2153,2271,2387,2464,2443,2448,2520,2585,2424,2147,2089
93,Bk,Chauncey St,J Z,40.682893,-73.910456,2571,2646,2789,2984,3037,2967,3050,3200,3360,3408,3387,3246
94,Bk,Halsey St,J,40.68637,-73.916559,5061,5109,5378,5608,5650,5805,6174,6410,6490,6616,6579,6522
95,Bk,Gates Av,J Z,40.68963,-73.92227,5037,5194,5413,5787,5964,5999,6277,6521,6602,7110,7255,7095
96,Bk,Kosciuszko St,J,40.693342,-73.928814,4028,4107,4315,4528,4592,4751,4761,4927,5118,6143,6144,5562
97,Bk,Myrtle Av,J M Z,40.697207,-73.935657,8192,8405,8995,9670,10098,10876,11048,11424,11801,13222,12122,11970
98,Bk,Flushing Av,J M,40.70026,-73.941126,7378,7765,8243,8477,8963,9165,9258,9483,9347,8952,8336,8623
99,Bk,Lorimer St,J M,40.703869,-73.947408,4217,4287,4364,4564,4779,4796,4836,5070,5138,5161,4837,5216
100,Bk,Hewes St,J M,40.70687,-73.953431,2143,2272,2420,2628,2811,2859,2859,2992,2866,2861,2782,3281
101,Bk,Marcy Av,J M Z,40.708359,-73.957757,9217,9550,10349,11319,11591,11775,12547,13276,13815,13377,13315,14255
103,M,Bowery,J Z,40.72028,-73.993915,2822,3084,3016,2763,2746,2743,3015,3325,3504,3715,3738,3842
107,M,Broad St,J Z,40.706476,-74.011056,7199,7052,6401,5746,5261,5635,6525,6865,7279,7130,7050,7710
108,Q,Middle Village - Metropolitan Av,M,40.711396,-73.889601,3640,3763,3815,3983,4053,4092,4318,4489,4530,3064,3225,3726
109,Q,Fresh Pond Rd,M,40.706186,-73.895877,4849,4782,5001,5431,5545,5333,5677,6002,6130,4223,4716,5882
110,Q,Forest Av,M,40.704423,-73.903077,3517,3502,3608,3901,3971,4103,4210,4386,4429,2819,3124,4235
111,Q,Seneca Av,M,40.702762,-73.90774,2117,2158,2235,2433,2461,2428,2545,2726,2832,1576,1818,3210
113,Bk,Knickerbocker Av,M,40.698664,-73.919711,3204,3260,3325,3575,2350,3429,3806,4104,4228,2077,2446,4522
114,Bk,Central Av,M,40.697857,-73.927397,2202,2347,2548,2903,3445,1744,3282,3715,3884,1929,2393,4473
118,M,3 Av,L,40.732849,-73.986122,5605,5815,6123,6278,6532,6803,7193,7140,7179,6934,6749,5725
119,M,1 Av,L,40.730953,-73.981628,19203,20006,21157,22039,22436,23467,24286,23789,23195,21823,20998,18393
120,Bk,Bedford Av,L,40.717304,-73.956872,18887,19550,21149,22520,23825,25755,27224,27132,27486,27783,26603,25158
122,Bk,Graham Av,L,40.714565,-73.944053,8503,8766,9442,9828,9889,10136,10643,10504,10483,10536,9959,9346
123,Bk,Grand St,L,40.711926,-73.94067,6816,6700,6923,7169,7171,7444,7824,7307,6977,7317,6964,6409
124,Bk,Montrose Av,L,40.707739,-73.93985,5333,5433,5946,6268,6452,6731,6961,7025,7007,7021,6884,6515
125,Bk,Morgan Av,L,40.706152,-73.933147,5078,5269,6050,6530,6821,7126,7298,7221,7592,7769,7510,6944
126,Bk,Jefferson St,L,40.706607,-73.922913,4865,5059,5408,5771,5951,6612,7230,7565,7639,7807,7674,7221
127,Bk,DeKalb Av,L,40.703811,-73.918425,10374,10066,10451,10829,11004,11617,11943,12158,12307,13050,12638,11214
129,Q,Halsey St,L,40.695602,-73.904084,6313,6154,6420,6672,6904,7308,7720,7932,8426,8781,8386,7391
130,Bk,Wilson Av,L,40.688764,-73.904046,3354,3357,3400,3532,3566,3865,4248,4437,3812,4564,4468,4292
131,Bk,Bushwick Av - Aberdeen St,L,40.682829,-73.905249,1150,1143,1246,1322,1371,1509,1683,1874,2105,2112,2079,2015
133,Bk,Atlantic Av,L,40.675345,-73.903097,1284,1319,1385,1440,1487,1580,1725,1384,1455,1821,1842,1593
134,Bk,Sutter Av,L,40.669367,-73.901975,3556,3766,4050,4201,4437,4555,4675,4727,4688,4471,4029,3446
135,Bk,Livonia Av,L,40.664038,-73.900571,2249,2280,2497,2678,2908,2959,3078,3269,3418,3264,3209,2831
136,Bk,New Lots Av,L,40.658733,-73.899232,3520,3729,3961,4255,4475,4785,5005,5244,5431,5290,4869,4168
137,Bk,E 105 St,L,40.650573,-73.899485,3414,3407,3525,3684,3727,3818,3911,4002,4070,3999,3798,3367
138,Bk,Canarsie - Rockaway Pkwy,L,40.646654,-73.90185,12671,12282,12504,12817,13039,13254,13512,13481,13131,12661,11947,11060
141,Bk,Park Pl,S,40.674772,-73.957624,2427,2305,2261,2259,2201,2077,1968,1922,1850,1818,1725,1676
143,M,Inwood - 207 St,A,40.868072,-73.919899,8156,8113,8202,8888,8717,8866,9136,9317,9350,9217,8793,9615
144,M,Dyckman St,A,40.865491,-73.927271,5778,5579,5935,7088,7375,6557,6687,6831,6874,6739,6477,6874
145,M,190 St,A,40.859022,-73.93418,3993,3891,3988,4425,4592,4546,4549,4683,4748,4719,4574,4805
146,M,181 St,A,40.851695,-73.937969,9772,9585,9723,10044,10223,10404,10861,11237,11294,10981,10760,10542
147,M,175 St,A,40.847391,-73.939704,12402,11834,12078,12737,12914,13309,13460,13224,13377,13217,12580,13144
149,M,163 St - Amsterdam Av,C,40.836013,-73.939892,3600,3525,3663,3772,3849,4080,4271,4340,4513,4436,1711,4289
150,M,155 St,C,40.830518,-73.941514,2321,2221,2279,2455,2490,2529,2586,2596,2733,2715,3168,2732
151,M,145 St,A B C D,40.824783,-73.944216,20476,20126,20730,21576,22125,22879,23805,24307,24604,23932,23047,22937
152,M,135 St,B C,40.817894,-73.947649,4791,4657,4878,5145,5409,5592,5620,5575,5785,5770,5490,5657
153,M,125 St,A B C D,40.811109,-73.952343,24566,24404,24584,25084,26276,27395,28428,29062,29423,28680,27677,28267
154,M,116 St,B C,40.805085,-73.954882,5752,5745,5945,6153,6328,6594,7005,7215,7417,7232,7613,7249
155,M,Cathedral Pkwy (110 St),B C,40.800603,-73.958161,6448,6309,6597,6742,6933,7117,7253,7490,7553,7523,3785,7382
156,M,103 St,B C,40.796092,-73.961454,4961,4736,4782,4562,4659,4760,4832,4800,4776,4674,5444,4724
157,M,96 St,B C,40.791642,-73.964696,8619,8530,9037,9249,9514,9815,10203,10365,10425,9733,9924,10059
158,M,86 St,B C,40.785868,-73.968916,10998,10469,10572,10771,11093,11236,11605,11594,11809,10681,6007,10652
159,M,81 St - Museum of Natural History,B C,40.781433,-73.972143,12484,12370,12374,12685,13119,13663,13935,14129,14140,13313,15383,13420
160,M,72 St,B C,40.775594,-73.97641,8532,8245,8435,8679,8875,9067,9361,9443,9448,8803,4472,8651
162,M,50 St,C E,40.762456,-73.985984,18776,17395,16936,17403,17892,19406,20993,20828,20921,20502,19757,21223
164,M,34 St - Penn Station,A C E,40.752287,-73.993391,85542,79875,80009,81585,82511,83717,85634,84778,82584,78904,80346,82855
165,M,23 St,C E,40.745906,-73.998041,22749,22061,21934,22900,23572,24782,25620,25731,24569,24161,24397,23890
167,M,W 4 St,A B C D E F M,40.732338,-74.000495,38018,37304,37175,37873,39157,40798,41968,42760,42755,41835,40666,41938
168,M,Spring St,C E,40.726227,-74.003739,11488,10893,11249,12097,12604,13136,13319,12914,12775,12360,13054,14756
169,M,Canal St,A C E,40.720824,-74.005229,18503,17858,17975,18986,19097,19738,19974,20103,19660,19789,20424,21206
173,Bk,High St,A C,40.699337,-73.990531,6089,6045,6259,6586,7050,7543,8174,8479,8701,9215,10281,10776
175,Bk,Hoyt - Schermerhorn Sts,A C G,40.688484,-73.985001,9553,9642,9742,9760,9928,9604,9672,9818,9894,10319,10540,11238
176,Bk,Lafayette Av,C,40.686113,-73.973946,4518,4409,4627,4665,4774,4825,4857,4849,4888,4843,4889,4928
177,Bk,Clinton - Washington Avs,C,40.683263,-73.965838,5153,5029,5404,5698,6033,6642,6719,6603,6932,7130,7068,7139
179,Bk,Nostrand Av,A C,40.680438,-73.950426,15658,15018,15264,15868,16439,16843,17062,17790,18231,18035,17437,17352
180,Bk,Kingston - Throop Avs,C,40.679921,-73.940858,4962,4769,4897,5152,5331,5678,5968,6210,6350,6564,6585,6643
181,Bk,Utica Av,A C,40.679364,-73.930729,14057,13515,13584,13977,14327,14673,15117,15674,16060,16408,16121,15957
182,Bk,Ralph Av,C,40.678822,-73.920786,4721,4617,4840,5007,5175,5381,5570,5796,5801,5936,5768,5730
183,Bk,Rockaway Av,C,40.67834,-73.911946,4889,4786,4815,4971,5089,5137,5223,5443,5678,5715,5667,5653
185,Bk,Liberty Av,C,40.674542,-73.896548,2960,2871,2746,2687,2632,2658,2639,2780,3020,2933,2754,2749
186,Bk,Van Siclen Av,C,40.67271,-73.890358,2903,2763,2829,2854,2864,2974,3050,3202,3224,3259,3021,2920
187,Bk,Shepherd Av,C,40.67413,-73.88075,3076,2939,2917,2968,3034,3149,3263,3370,3393,3337,3182,3153
188,Bk,Euclid Av,A C,40.675377,-73.872106,9722,9435,9750,10037,10169,10418,10652,11014,10870,10751,10191,10119
189,Bk,Grant Av,A,40.677044,-73.86505,6170,6091,6089,6216,6290,6270,6475,6696,7044,6318,5896,5710
190,Q,80 St,A,40.679371,-73.858992,4303,4151,4101,4181,4253,4291,4664,4445,3574,4416,4316,4274
191,Q,88 St,A,40.679843,-73.85147,2708,2638,2648,2680,2677,2719,2065,3464,3221,2965,2835,2860
192,Q,Rockaway Blvd,A,40.680429,-73.843853,7422,7441,7715,7786,8045,8662,8474,5690,7683,7786,7534,7450
193,Q,104 St,A,40.681711,-73.837683,1827,1715,1693,1751,1725,1736,1333,1890,2189,1900,1841,1823
194,Q,111 St,A,40.684331,-73.832163,2770,2666,2618,2711,2728,2718,2815,2727,1947,2571,2596,2620
195,Q,Ozone Park - Lefferts Blvd,A,40.685951,-73.825798,7773,7434,7326,7491,7460,7476,7641,7732,8023,7722,7591,7434
196,Q,Aqueduct Racetrack,A,40.672097,-73.835919,60,52,61,116,0,551,1597,1711,1739,1672,1901,1594
197,Q,Aqueduct - N Conduit Av,A,40.668234,-73.834058,889,830,791,1386,2430,1951,1122,1181,1125,1031,921,893
198,Q,Howard Beach - JFK Airport,A,40.660476,-73.830301,2966,2801,2667,2729,3227,4972,2835,3059,3011,3292,3376,3483
199,Q,Broad Channel,A S,40.608382,-73.815925,360,325,318,304,267,127,251,310,313,302,285,313
200,Q,Beach 90 St,A S,40.588034,-73.813641,1114,864,908,1019,877,463,846,946,939,1110,1097,946
201,Q,Beach 98 St,A S,40.585307,-73.820558,794,782,503,615,572,292,563,608,579,531,481,478
202,Q,Beach 105 St,A S,40.583209,-73.827559,282,191,208,255,253,141,260,305,289,278,261,243
203,Q,Rockaway Park - Beach 116 St,A S,40.580903,-73.835592,843,796,778,845,741,379,677,747,727,683,696,660
204,Q,Beach 67 St,A,40.590927,-73.796924,1929,1912,1546,2236,1859,1118,2183,2407,2493,2440,2103,2252
205,Q,Beach 60 St,A,40.592374,-73.788522,2478,2401,2624,1798,1924,1317,2448,2501,2507,2319,2013,2008
206,Q,Beach 44 St,A,40.592943,-73.776013,604,594,478,748,538,297,581,624,676,690,693,699
207,Q,Beach 36 St,A,40.595398,-73.768175,881,896,1111,622,718,466,872,936,975,962,887,951
208,Q,Beach 25 St,A,40.600066,-73.761353,1871,1748,1329,1702,1494,904,1722,1861,1968,1925,1792,1720
209,Q,Far Rockaway - Mott Av,A,40.603995,-73.755405,4655,4568,4662,4750,4068,2651,4748,4989,5009,4738,4435,4388
210,Bx,Norwood - 205 St,D,40.874811,-73.878855,7869,7588,7602,7779,7872,8043,8466,8640,8897,8751,8429,8544
211,Bx,Bedford Park Blvd,B D,40.873244,-73.887138,6317,6054,6037,6150,6183,6303,6645,7046,7236,7066,6419,6911
212,Bx,Kingsbridge Rd,B D,40.866978,-73.893509,7788,7417,7208,7189,7184,7422,7975,8006,8144,8237,7922,7957
213,Bx,Fordham Rd,B D,40.861296,-73.897749,11576,11413,11454,11465,11521,11878,12363,12145,12208,12054,11361,11587
214,Bx,182-183 Sts,B D,40.856093,-73.900741,4747,4612,4550,4546,4507,4554,4813,5020,5177,4990,4752,4773
215,Bx,Tremont Av,B D,40.85041,-73.905227,8842,8542,8513,8767,8882,9157,9727,9980,10246,10055,10398,9769
216,Bx,174-175 Sts,B D,40.8459,-73.910136,4822,4603,4537,4660,4706,4885,5301,5312,5519,5475,3221,4869
217,Bx,170 St,B D,40.839306,-73.9134,6421,6255,6054,6155,6303,6563,6988,7101,7225,7089,7913,6767
218,Bx,167 St,B D,40.833771,-73.91844,8913,8848,8839,9054,9264,9374,9906,10166,10439,10223,6342,8542
220,M,155 St,B D,40.830135,-73.938209,3735,3728,3823,3845,3947,3948,4022,4038,4052,3804,3595,3556
221,Q,21 St - Queensbridge,F,40.754203,-73.942836,7374,7602,8365,8678,8749,8761,8914,9447,9779,10209,10840,11184
222,M,Roosevelt Island,F,40.759145,-73.95326,6071,5816,7870,6576,6430,6321,5998,6197,6630,7354,7153,7489
223,M,Lexington Av/63 St,F Q,40.764629,-73.966113,13488,13425,15816,15616,15639,15404,15493,16098,16988,20893,21394,21574
224,M,57 St,F,40.763972,-73.97745,15267,13939,14426,15045,14743,15363,15506,15725,15768,15154,7638,14254
225,M,47-50 Sts - Rockefeller Ctr,B D F M,40.758663,-73.981329,60818,55402,56758,59979,59749,61099,62693,63803,62283,61478,61027,63609
228,M,23 St,F M,40.742878,-73.992821,25917,24407,25100,27049,27977,28749,29327,30652,31078,30758,18416,28776
231,M,Grand St,B D,40.718267,-73.993753,23333,23266,23304,23284,23406,23770,24153,24281,24649,24460,23422,24323
232,M,2 Av,F,40.723402,-73.989938,17552,17310,17090,17364,17540,17801,17183,17355,17059,16675,15995,16703
234,M,East Broadway,F,40.713715,-73.990173,13321,12783,12779,12993,13052,13276,13720,14228,14654,14365,13868,13995
235,Bk,York St,F,40.701397,-73.986751,5894,6077,6621,7426,7798,8629,8973,9328,10246,10373,11032,12638
236,Bk,Bergen St,F G,40.686145,-73.990862,10038,10154,10578,11048,11370,11562,11570,11548,11529,11306,11174,11310
237,Bk,Carroll St,F G,40.680303,-73.995048,10051,9786,10002,11906,13193,12339,11744,11923,11848,11723,11562,11814
238,Bk,Smith - 9 Sts,F G,40.67358,-73.995959,4464,4579,4763,1834,0,2854,4762,5084,4861,4714,4689,4553
240,Bk,7 Av,F G,40.666271,-73.980305,10903,10643,11018,12792,12118,12268,12242,12049,11897,11801,11636,11880
241,Bk,15 St - Prospect Park,F G,40.660365,-73.979493,6002,5977,6220,4725,6018,6448,6495,6385,6342,6272,6136,6324
242,Bk,Fort Hamilton Pkwy,F G,40.650782,-73.975776,4805,4816,4967,4268,5092,5531,5650,5783,6044,5893,5807,5877
243,Bk,Church Av,F,40.644041,-73.979678,9305,9174,9429,10463,9985,9984,9954,10490,10151,9697,9492,9395
244,Bk,Ditmas Av,F,40.636119,-73.978172,4728,4496,4471,4554,4669,4676,4622,3386,3524,3849,3904,3947
245,Bk,18 Av,F,40.629755,-73.976971,4209,4008,4145,4205,4220,4204,4050,4458,4440,4318,3947,3667
246,Bk,Avenue I,F,40.625322,-73.976127,2422,2370,2328,2290,2284,2283,2250,2235,1962,1111,1096,1988
247,Bk,Bay Pkwy,F,40.620769,-73.975264,1414,1336,1386,1398,1526,1575,1516,1491,1329,729,623,1193
248,Bk,Avenue N,F,40.61514,-73.974197,3493,3282,3377,3458,3390,3411,3419,3410,3187,2217,2087,2961
249,Bk,Avenue P,F,40.608944,-73.973022,2859,2648,2667,2696,2705,2757,2767,2804,2688,1821,1710,2463
250,Bk,Kings Hwy,F,40.603217,-73.972361,3513,3323,3478,3605,3681,3655,3616,3726,4637,5186,4567,3724
251,Bk,Avenue U,F,40.596063,-73.973357,2153,2142,2331,2229,2302,2296,2215,2439,2578,1276,1042,1838
252,Bk,Avenue X,F,40.58962,-73.97425,2857,2736,2789,2810,2877,2972,2859,1928,2424,2508,2662,2530
253,Bk,Neptune Av,F,40.581011,-73.974574,1611,1583,1720,1794,1705,1749,1698,1807,1742,1658,1516,1456
254,Q,Jamaica - 179 St,F,40.712646,-73.783817,23394,22535,22766,23174,23330,23280,23093,23417,23121,22421,21452,21353
255,Q,169 St,F,40.71047,-73.793604,8416,8412,8600,8949,8944,9042,9106,9138,9016,8671,8109,8004
256,Q,Parsons Blvd,F,40.707564,-73.803326,6122,5920,6013,6174,6329,6463,6540,6640,6644,6593,6462,6654
257,Q,Sutphin Blvd,F,40.70546,-73.810708,4464,4404,4605,4693,4760,4932,4795,4851,4652,4496,4291,4328
258,Q,Briarwood - Van Wyck Blvd,E F,40.709179,-73.820574,6026,5744,5688,5655,5196,4664,4695,4876,5057,5061,4913,4970
259,Q,Kew Gardens - Union Tpke,E F,40.714441,-73.831008,26996,26411,26763,27280,27884,28289,27693,27558,27085,26493,25536,25235
260,Q,75 Av,E F,40.718331,-73.837324,3687,3595,3692,3811,3735,3763,3742,3756,3710,3365,3455,3549
261,Q,Forest Hills - 71 Av,E F M R,40.721691,-73.844521,27139,26190,26494,27123,27537,27728,27784,28209,28135,27760,26613,26477
262,Q,67 Av,M R,40.726523,-73.852719,9534,9317,9238,9333,9403,9475,9544,9548,9479,9181,8774,8881
263,Q,63 Dr - Rego Park,M R,40.729846,-73.861604,15171,14395,14940,15557,16056,16334,16771,16770,16868,16323,15574,15567
264,Q,Woodhaven Blvd,M R,40.733106,-73.869229,23826,23035,22673,22502,22521,22276,22156,22220,22483,21879,20704,20340
265,Q,Grand Av - Newtown,M R,40.737015,-73.877223,17789,17387,17466,17886,18108,18298,18413,18955,19373,18754,18489,18531
266,Q,Elmhurst Av,M R,40.742454,-73.882017,13885,13410,13253,13426,13562,13597,13568,13588,13508,12967,12463,12362
268,Q,65 St,M R,40.749669,-73.898453,3409,3296,3313,3448,3551,3532,3647,3762,3747,3621,3601,3554
269,Q,Northern Blvd,M R,40.752885,-73.906006,7584,7263,7066,7049,7201,7235,7431,7428,7413,7107,6904,6682
270,Q,46 St,M R,40.756312,-73.913333,9860,9222,9246,9399,9482,9529,9608,9439,9362,9049,8752,8556
271,Q,Steinway St,M R,40.756879,-73.92074,14214,13901,14028,15036,15061,14769,14870,14895,14836,14867,15590,14640
272,Q,36 St,M R,40.752039,-73.928781,3354,3743,4003,4340,4502,4540,4597,4733,4776,4786,5177,4725
273,Q,Queens Plaza,E M R,40.748973,-73.937243,8558,8277,8370,8869,9695,9696,10125,10475,10652,11369,12747,14298
276,M,5 Av/53 St,E M,40.760167,-73.975224,26667,24027,23239,23970,24727,25939,26761,26955,26566,25746,27612,27934
277,M,7 Av,B D E,40.762862,-73.981637,14793,13887,14004,14530,14922,15800,16833,17356,17538,17334,17947,18475
278,Q,Jamaica Center - Parsons/Archer,E J Z,40.702147,-73.801109,38966,38563,39327,40423,41130,41686,42261,42115,41603,39326,36368,34419
279,Q,Sutphin Blvd - Archer Av - JFK Airport,E J Z,40.700486,-73.807969,20138,20144,20706,21630,22285,23012,23747,24349,24796,23843,23388,23891
280,Q,Jamaica - Van Wyck,E,40.702566,-73.816859,4299,4279,4588,4882,4930,4992,5121,5092,5022,4972,4717,4561
282,Q,21 St,G,40.744065,-73.949724,1001,1015,1050,1123,1478,1309,1265,1564,1735,1863,1757,1675
283,Bk,Greenpoint Av,G,40.731352,-73.954449,7660,7392,7523,8073,8212,8461,7819,9191,9413,9648,9509,10006
284,Bk,Nassau Av,G,40.724635,-73.951277,7782,7542,7343,7791,8096,8435,8765,9066,9150,9105,9312,9841
286,Bk,Broadway,G,40.706092,-73.950308,3352,3347,3217,3186,3272,3368,3500,4011,4340,4452,4467,4639
287,Bk,Flushing Av,G,40.700377,-73.950234,1974,1900,1930,2032,2157,2373,2627,2819,2857,2866,2949,2466
288,Bk,Myrtle - Willoughby Avs,G,40.694568,-73.949046,4179,4250,4139,4412,4581,4916,5330,5783,5889,5743,5736,5919
289,Bk,Bedford - Nostrand Avs,G,40.689627,-73.953522,5832,5928,6040,6348,6755,7300,7778,8197,8487,8741,8821,8866
290,Bk,Classon Av,G,40.688873,-73.96007,3713,3760,3935,4170,4288,4490,4601,4966,4996,5106,5301,5453
291,Bk,Clinton - Washington Avs,G,40.688089,-73.966839,4728,4736,4942,5190,5183,5294,5178,5364,5312,5083,5025,5208
292,Bk,Fulton St,G,40.687119,-73.975375,3235,3379,3523,3699,3956,4266,4502,4954,5096,5364,5462,5416
293,Bx,Van Cortlandt Park - 242 St,1,40.889248,-73.898583,6184,6040,6148,6504,6641,6943,7107,7338,7431,7396,7742,7330
294,Bx,238 St,1,40.884667,-73.90087,3681,3492,3514,3019,3612,3598,3934,4068,4350,4370,3225,3998
295,Bx,231 St,1,40.878856,-73.904834,8670,8428,8680,9170,9187,8951,9372,9596,9749,9774,10287,9658
296,M,Marble Hill - 225 St,1,40.874561,-73.909831,5718,5586,5570,4758,5380,5456,5766,5732,5636,5473,5433,5075
297,M,215 St,1,40.869444,-73.915279,1824,1979,1949,2006,1996,2078,2057,2012,2001,1988,1787,1718
298,M,207 St,1,40.864621,-73.918822,5640,5746,5917,6745,6954,6098,6336,6514,6562,6524,6349,5890
299,M,Dyckman St,1,40.860531,-73.925536,7482,7248,7092,4025,3795,6564,7112,7233,7297,7231,7002,6624
300,M,191 St,1,40.855225,-73.929412,7880,7532,7561,7686,8042,8258,8580,8619,8545,8419,8032,7525
301,M,181 St,1,40.849505,-73.933596,11133,10604,10803,10370,10978,11228,11673,11850,11578,11693,11342,11311
303,M,157 St,1,40.834041,-73.94489,9815,9843,9899,9972,10331,10677,10822,10918,10928,10802,11036,12042
304,M,145 St,1,40.826551,-73.95036,9487,9382,9417,9510,9952,9931,10099,10112,10039,9863,9433,9219
305,M,137 St - City College,1,40.822008,-73.953676,14454,14181,14158,14528,14854,14947,14768,14798,14460,14049,13371,12464
306,M,125 St,1,40.815581,-73.958372,7380,7221,7243,7468,7857,7995,8077,7991,7794,7584,7679,7599
307,M,116 St - Columbia University,1,40.807722,-73.96411,15939,15891,15808,16130,16283,16363,16460,16132,15861,15263,15079,14777
308,M,Cathedral Pkwy,1,40.803967,-73.966847,13382,13277,13116,13650,13870,13874,13630,13444,12926,12394,12526,11826
309,M,103 St,1,40.799446,-73.968379,13573,13409,12968,13292,13557,13500,13318,13309,13246,12818,12569,12005
310,M,96 St,1 2 3,40.793919,-73.972323,35682,34571,35053,36550,37941,38711,39254,39434,38859,37043,36026,35617
311,M,86 St,1,40.788644,-73.976218,19354,18933,18901,19269,19677,19766,20221,20145,19757,18882,19325,18221
312,M,79 St,1,40.783934,-73.979917,16345,15802,15952,16276,16349,16576,16987,16865,16372,15698,15175,14918
313,M,72 St,1 2 3,40.778453,-73.98197,36311,36287,36900,39180,40271,40853,40639,40506,40450,38957,39477,38061
314,M,66 St - Lincoln Center,1,40.77344,-73.982209,22623,21496,21717,22436,23305,23651,24311,24631,24064,22918,22890,22949
316,M,50 St,1,40.761728,-73.983849,26187,24388,24636,25062,25930,26192,27251,26927,26362,25932,26268,26712
318,M,34 St - Penn Station,1 2 3,40.750373,-73.991057,92750,88520,87736,87482,88929,90042,92693,92176,90524,85585,85180,84975
319,M,28 St,1,40.747215,-73.993365,12601,12752,13179,13634,14597,15149,15568,15620,15253,14740,14797,15083
320,M,23 St,1,40.744081,-73.995657,14766,14338,14379,14663,14931,15283,15542,15451,15062,14763,15470,14824
321,M,18 St,1,40.74104,-73.997871,8076,7846,7968,8199,8437,8505,8638,8800,8903,8680,8860,8843
323,M,Christopher St - Sheridan Sq,1,40.733422,-74.002906,10136,10016,10005,10077,10068,10076,10060,9898,9792,9570,9675,10089
324,M,Houston St,1,40.728251,-74.005367,13705,13606,13908,14814,15247,15736,15878,15286,15333,15283,15698,15685
325,M,Canal St,1,40.722854,-74.006277,5689,5526,5691,5960,5854,6039,6277,6275,6116,5996,6410,6830
326,M,Franklin St,1,40.719318,-74.006886,5857,5596,5804,5998,5931,5825,5867,5825,5984,5809,5943,5370
327,M,Chambers St,1 2 3,40.715478,-74.009266,18949,20202,21619,22683,23151,23147,23862,23997,23574,22419,21303,20613
328,M,Cortlandt St,1,40.711835,-74.012188,0,0,0,0,0,0,0,0,0,0,3558,13871
329,M,Rector St,1,40.707513,-74.013783,8072,7983,8165,8902,10065,11323,10869,10625,9788,9453,9005,8471
333,M,Wall St,2 3,40.706821,-74.0091,26852,26090,25371,25559,25682,26706,28075,27242,27291,26022,23968,24618
334,Bk,Clark St,2 3,40.697466,-73.993086,5221,5269,5406,5596,5760,5971,6083,5922,5903,5635,5275,5590
336,Bk,Hoyt St,2 3,40.690545,-73.985065,6613,6341,6262,6535,6710,6657,7138,7342,7615,7637,6938,7467
337,Bk,Nevins St,2 3 4 5,40.688246,-73.980492,11406,11579,11778,11708,11653,11468,11752,10896,10716,10699,10426,10205
339,Bk,Bergen St,2 3,40.680829,-73.975098,4033,4015,4127,4344,4472,4070,3923,3823,3884,3853,3653,3857
340,Bk,Grand Army Plaza,2 3,40.675235,-73.971046,7841,7661,7722,7882,8068,8066,7971,7731,7735,7452,7188,7349
341,Bk,Eastern Pkwy - Brooklyn Museum,2 3,40.671987,-73.964375,4842,4754,4813,4835,4795,4938,4889,4915,4719,4592,4637,4036
343,Bk,Nostrand Av,3,40.669847,-73.950466,3891,3782,3980,4069,4113,4151,4268,4306,4239,4066,3907,4195
344,Bk,Kingston Av,3,40.669399,-73.942161,4947,4734,4717,4825,4929,4949,5017,4999,4977,4703,4623,4697
345,Bk,Crown Hts - Utica Av,3 4,40.668897,-73.932942,27945,27231,27476,27368,27549,27780,28287,28146,29069,28980,25336,25331
346,Bk,Sutter Av - Rutland Rd,3,40.664717,-73.92261,7495,7259,7461,7621,7713,7831,8084,8031,6785,3449,6657,6724
347,Bk,Saratoga Av,3,40.661453,-73.916327,5572,5472,5529,5662,5697,5807,5933,8148,4006,5777,5246,5238
348,Bk,Rockaway Av,3,40.662549,-73.908946,5828,5699,5729,5715,5636,5632,5735,1690,5122,5642,4747,4780
349,Bk,Junius St,3,40.663515,-73.902447,2105,2024,2142,2153,2204,2206,2361,3043,2230,970,2080,2216
350,Bk,Pennsylvania Av,3,40.664635,-73.894895,5964,5799,5800,5798,5696,5675,5718,6997,2485,3503,4331,4493
351,Bk,Van Siclen Av,3,40.665449,-73.889395,3090,3124,3302,3415,3431,3431,3438,989,4194,3660,2904,2833
352,Bk,New Lots Av,3,40.666235,-73.884079,5874,5752,6015,6223,6214,6349,6626,7133,6855,6087,5573,5454
353,Bk,President St,2 5,40.667883,-73.950683,3492,3469,3731,3754,3815,3969,4092,4120,4114,4113,4019,3558
354,Bk,Sterling St,2 5,40.662742,-73.95085,5417,5315,5597,5755,5899,5915,5783,5802,5806,5795,5684,5468
355,Bk,Winthrop St,2 5,40.656652,-73.9502,6862,6854,7185,7409,7524,7639,7720,7541,7272,7317,7262,6499
356,Bk,Church Av,2 5,40.650843,-73.949575,9539,9367,9691,9929,9851,9794,9852,9864,9808,9512,9193,9556
357,Bk,Beverly Rd,2 5,40.645098,-73.948959,4121,3975,3972,4146,4199,4375,4447,4457,4464,4384,4255,4277
358,Bk,Newkirk Av,2 5,40.639967,-73.948411,7851,7561,7666,7715,7604,7757,8015,8035,7840,7600,7312,7182
359,Bk,Flatbush Av - Brooklyn College,2 5,40.632836,-73.947642,20338,20159,21355,22168,21942,21941,21865,21666,21268,20691,19763,19572
360,Bx,Pelham Bay Park,6,40.852462,-73.828121,6262,6299,6538,6705,6688,6772,7442,7432,7213,7185,7001,7020
361,Bx,Buhre Av,6,40.84681,-73.832569,2975,2980,3011,3315,3418,3718,2155,2237,3568,3701,3744,3898
362,Bx,Middletown Rd,6,40.843863,-73.836322,1796,1802,1883,1916,1969,1514,2273,2726,2066,2102,2036,2061
363,Bx,Westchester Sq - E Tremont Av,6,40.839892,-73.842952,6322,6178,6359,6663,6663,6820,7351,6912,6635,6479,6097,6113
364,Bx,Zerega Av,6,40.836488,-73.847036,2455,2404,2539,2741,2849,3253,2012,1647,2629,2664,2629,2676
365,Bx,Castle Hill Av,6,40.834255,-73.851222,6969,6708,7617,7540,7567,5632,4938,7174,6895,6756,6483,6435
366,Bx,Parkchester,6,40.833226,-73.860816,15189,14978,12724,15516,15190,16614,17746,16572,16561,16310,15660,15427
367,Bx,St Lawrence Av,6,40.831509,-73.867618,4036,4016,5093,1427,3852,3995,4099,4185,4187,4196,4040,4077
368,Bx,Morrison Av- Sound View,6,40.829521,-73.874516,6352,6225,2304,9603,6582,6588,6669,6628,6755,6742,6361,6341
369,Bx,Elder Av,6,40.828584,-73.879159,6480,6434,9042,2240,6161,6377,6496,6543,6642,6605,6323,6371
370,Bx,Whitlock Av,6,40.826525,-73.886283,1524,1528,524,2342,1691,1685,1707,1737,1830,1905,1894,1907
371,Bx,Hunts Point Av,6,40.820948,-73.890549,10612,10512,10494,10316,10389,10144,10111,10484,10651,10646,10460,10510
372,Bx,Longwood Av,6,40.816104,-73.896435,3352,3228,3273,3418,3476,3494,3531,3482,3517,3518,3395,3168
373,Bx,E 149 St,6,40.812118,-73.904098,4386,4323,4226,4336,4486,4580,4619,4647,4861,4899,4842,4821
374,Bx,E 143 St - St Mary's St,6,40.808719,-73.907657,899,831,871,941,973,911,927,989,1043,953,1019,1085
375,Bx,Cypress Av,6,40.805368,-73.914042,3670,3574,3739,3701,3636,3842,3984,3974,4099,3972,3651,3462
376,Bx,Brook Av,6,40.807566,-73.91924,5877,5790,5874,6073,6113,6186,6312,6244,6226,6118,6040,5917
377,Bx,3 Av - 138 St,6,40.810476,-73.926138,6878,6894,6985,7238,7326,7667,7951,7994,8008,8114,7801,8100
378,Bx,Woodlawn,4,40.886037,-73.878751,6723,6980,7513,7852,7797,7776,7683,7637,7623,7260,6937,6680
379,Bx,Mosholu Pkwy,4,40.87975,-73.884655,8468,9078,9439,9578,9596,9588,9459,9252,9135,8770,8195,8074
380,Bx,Bedford Park Blvd - Lehman College,4,40.873412,-73.890064,5519,5701,5897,6052,6034,6201,6089,6040,5912,5649,5170,5066
381,Bx,Kingsbridge Rd,4,40.86776,-73.897174,8980,9320,9754,10153,10377,10431,10231,10107,9998,9783,8992,8849
382,Bx,Fordham Rd,4,40.862803,-73.901034,11511,11732,12080,12330,12560,12558,12231,11982,11957,11503,10395,9796
383,Bx,183 St,4,40.858407,-73.903879,5890,5954,6071,6162,6319,6360,6356,6372,6443,6271,5754,5641
384,Bx,Burnside Av,4,40.853453,-73.907684,10433,10909,11232,11243,11387,11560,11538,11551,11479,11079,10231,9964
385,Bx,176 St,4,40.84848,-73.911794,5105,4312,4517,5383,5623,5905,5914,6160,6378,6232,5807,5518
386,Bx,Mt Eden Av,4,40.844434,-73.914685,5174,5615,5848,5748,5859,5995,5891,5817,5770,5512,5337,5009
387,Bx,170 St,4,40.840075,-73.917791,8661,8848,9234,9259,9518,9525,9403,9507,9514,8910,8140,7926
388,Bx,167 St,4,40.835537,-73.9214,9125,9054,9220,9351,9699,9904,9793,9923,9972,9466,9398,8486
391,Bx,138 St - Grand Concourse,4 5,40.813224,-73.929849,2926,2969,3013,3076,3183,3222,3416,3480,3532,3486,3166,3324
392,M,125 St,4 5 6,40.804138,-73.937594,27433,27704,27990,28341,28913,29425,30168,30277,30024,29065,27605,27231
393,M,116 St,6,40.798629,-73.941617,14698,14899,15655,16206,16514,16675,16674,16702,16707,15899,14715,14394
394,M,110 St,6,40.79502,-73.94425,11320,11425,11630,11836,11908,12162,12452,13409,13341,11932,10851,10580
395,M,103 St,6,40.7906,-73.947478,14500,14663,15210,15673,15721,16189,16641,13057,13994,14337,13285,13218
396,M,96 St,6,40.785672,-73.95107,25033,24591,24870,25848,26070,26232,26529,28060,26939,18983,17447,17432
397,M,86 St,4 5 6,40.779492,-73.955589,61897,60254,60965,62214,63550,64741,65634,65948,64793,45882,43169,43282
398,M,77 St,6,40.77362,-73.959874,36182,35288,35579,36607,36846,37182,37521,36797,36103,27584,25369,25996
399,M,68 St - Hunter College,6,40.768141,-73.96387,36269,35323,34984,36026,36109,36562,36208,35640,35068,24456,22757,23430
403,M,33 St,6,40.746081,-73.982076,31883,30129,30497,31181,31877,32783,32863,32809,32153,30040,32608,30368
404,M,28 St,6,40.74307,-73.984264,22750,22042,22274,22794,22715,23696,23856,24470,24130,23081,12019,19766
405,M,23 St,6,40.739864,-73.986599,32018,30908,30929,31206,31053,31777,31212,29972,29452,28479,31597,30031
407,M,Astor Pl,6,40.730054,-73.99107,17927,17376,17630,17632,17607,17914,17803,17274,16806,16377,16031,17180
409,M,Spring St,6,40.722301,-73.997141,10877,10603,11132,11729,12153,12257,12327,11543,11390,11019,10822,11230
413,M,Wall St,4 5,40.707557,-74.011862,23357,22358,22551,22986,23992,25078,25619,23595,22211,20420,19745,19994
414,M,Bowling Green,4 5,40.704817,-74.014065,28094,26925,26411,27015,28183,30640,34830,31556,31522,29395,28646,28664
416,Bx,Wakefield - 241 St,2,40.903125,-73.85062,4257,4212,4582,4955,5048,4825,5168,5186,5213,5129,4763,4538
417,Bx,Nereid Av,2 5,40.898379,-73.854376,3107,3080,3307,3420,3603,3878,3850,3817,3753,3631,3437,3394
418,Bx,233 St,2 5,40.893193,-73.857473,4834,4870,5179,5379,5388,5473,5701,5632,5438,5138,4864,4768
419,Bx,225 St,2 5,40.888022,-73.860341,3798,3841,4104,4346,4469,4479,4593,4591,4408,4340,3961,3898
420,Bx,219 St,2 5,40.883895,-73.862633,2982,3049,3261,3337,3413,3483,3544,3529,3423,3439,3335,3232
421,Bx,Gun Hill Rd,2 5,40.87785,-73.866256,6005,6145,6717,7045,7212,7339,7752,7790,7714,7639,6930,7022
422,Bx,Burke Av,2 5,40.871356,-73.867164,3380,3367,3392,3387,3491,3612,3672,3644,3550,3466,3234,3250
423,Bx,Allerton Av,2 5,40.865462,-73.867352,5179,5258,5282,5193,5389,5526,5737,5779,5530,5403,5144,5161
424,Bx,Pelham Pkwy,2 5,40.857192,-73.867615,8116,8287,8691,8850,9288,9614,9688,9774,9441,9173,8472,8463
425,Bx,Bronx Park East,2 5,40.848828,-73.868457,2897,2834,2888,2757,2811,2959,3005,2868,2785,2676,2498,2526
426,Bx,E 180 St,2 5,40.841894,-73.873488,6428,6341,5931,6518,6832,7003,7489,7587,7697,7691,7175,7089
427,Bx,West Farms Sq - E Tremont Av,2 5,40.840295,-73.880049,7348,7270,8052,7749,7842,7979,8170,8010,7848,7657,6866,6741
428,Bx,174 St,2 5,40.837288,-73.887734,6876,6801,7227,7049,7018,7339,7599,7619,7690,7466,6751,6644
429,Bx,Freeman St,2 5,40.829993,-73.891865,3635,3812,4296,4382,4569,4762,4867,4899,5055,4984,4451,4387
430,Bx,Simpson St,2 5,40.824073,-73.893064,9375,9095,9815,9421,9243,9672,9948,9981,9680,9446,8477,8257
431,Bx,Intervale Av,2 5,40.822181,-73.896736,2775,2785,2951,2974,3121,3420,3571,3472,3423,3377,3130,3140
432,Bx,Prospect Av,2 5,40.819585,-73.90177,7457,7291,7551,7212,7053,7424,7857,7908,8004,7704,7038,6936
433,Bx,Jackson Av,2 5,40.81649,-73.907807,5089,4961,5249,5110,5060,5432,5631,5705,5752,5766,5288,5167
434,Bx,3 Av - 149 St,2 5,40.816109,-73.917757,23859,24096,23955,24022,24580,24001,25161,24813,24808,24228,22357,22167
436,M,Harlem - 148 St,3,40.82388,-73.93647,3285,3266,3277,3553,3616,3790,3952,4096,4017,3899,4074,3707
437,M,145 St,3,40.820421,-73.936245,2777,2848,2873,3136,3273,3426,3631,3664,3590,3540,2105,3193
438,M,135 St,2 3,40.814229,-73.94077,12505,12676,13031,13641,14120,14690,15335,15598,15446,15023,14343,13799
439,M,125 St,2 3,40.807754,-73.945495,13810,14207,13878,14101,14471,15351,15744,15986,15719,15692,14746,14703
440,M,116 St,2 3,40.802098,-73.949625,9968,10190,10227,10627,11100,11508,11787,12196,12090,11553,10707,10592
441,M,Central Park North (110 St),2 3,40.799075,-73.951822,7678,7927,8098,8472,8751,9130,9559,9865,9855,9233,8815,8470
442,Bx,Eastchester - Dyre Av,5,40.8883,-73.830834,4301,4189,4333,4603,4765,4948,4948,4845,4769,4647,4506,4672
443,Bx,Baychester Av,5,40.878663,-73.838591,3924,3634,3706,3840,3980,4177,4196,4090,4064,3846,3551,3789
444,Bx,Gun Hill Rd,5,40.869526,-73.846384,6025,5770,5776,5794,5953,6002,6038,5880,5886,5654,5362,4287
445,Bx,Pelham Pkwy,5,40.858985,-73.855359,3054,3011,3139,3236,3314,3254,3304,3303,3332,3237,3083,3225
446,Bx,Morris Park,5,40.854364,-73.860495,1957,1873,1871,1966,2083,2210,2253,2319,2487,2527,2417,2520
447,Q,Flushing - Main St,7,40.7596,-73.83003,58681,57753,59093,60184,60540,60190,60252,60226,60259,58511,55669,56503
448,Q,Mets - Willets Point,7,40.754622,-73.845625,5406,4998,4648,4472,4618,4675,4555,5244,5367,5028,4606,4973
449,Q,111 St,7,40.75173,-73.855334,10381,10366,10457,10593,10655,10914,11091,11198,11421,11384,11091,11280
450,Q,103 St - Corona Plaza,7,40.749865,-73.8627,18021,17627,17751,18583,18984,19216,19814,20044,20282,20101,19682,19943
451,Q,Junction Blvd,7,40.749145,-73.869527,21038,21196,21593,21240,20938,20818,21116,21557,22051,21751,21100,21149
452,Q,90 St - Elmhurst Av,7,40.748408,-73.876613,17303,16618,16647,16679,16768,16743,16747,16814,16957,16848,16253,16365
453,Q,82 St - Jackson Hts,7,40.747659,-73.883697,16666,16092,15575,15811,15582,15662,15899,15711,15765,15393,14626,15056
455,Q,69 St,7,40.746325,-73.896403,4927,4878,5031,4984,5031,5085,5128,4988,5072,4973,4679,4818
456,Q,Woodside - 61 St,7,40.74563,-73.902984,16746,16541,16680,16734,16698,16559,16807,17007,17236,16945,16501,16684
457,Q,52 St,7,40.744149,-73.912549,6614,6388,6440,6596,6748,6830,6951,6888,6795,6495,6001,6079
458,Q,46 St,7,40.743132,-73.918435,14561,14273,14389,14479,14499,14656,14634,14413,14335,13614,12828,12702
459,Q,40 St,7,40.743781,-73.924016,10725,10433,10620,10751,10919,11100,11211,11053,11089,10624,9954,10028
460,Q,33 St,7,40.744587,-73.930997,13147,13405,13660,13587,13985,14246,14256,13604,13302,12429,11029,10574
461,Q,Queensboro Plaza,7 N W,40.750582,-73.940202,8955,8682,8916,9577,10752,11132,11554,11786,12936,13502,14517,14533
463,Q,Hunters Point Av,7,40.742216,-73.948916,6655,6210,6023,6113,6521,6400,6666,6803,7292,7283,7205,7039
464,Q,Vernon Blvd - Jackson Av,7,40.742626,-73.953581,9541,9607,10028,10450,11541,12610,14123,14819,15910,15781,15093,15151
471,M,34 St - 11 Av,7,40.755882,-74.00191,0,0,0,0,0,0,0,2064,8507,10082,10789,18875
475,M,96 St,Q,40.784318,-73.947152,0,0,0,0,0,0,0,0,0,17150,19318,19704
476,M,86 St,Q,40.777891,-73.951787,0,0,0,0,0,0,0,0,0,23722,25455,26307
477,M,72 St,Q,40.768799,-73.958424,0,0,0,0,0,0,0,0,0,28145,30253,31585
601,M,14 St / 6 Av,L F M 1 2 3,40.738007,-73.998381,48540,47932,47204,47831,49237,49316,49990,50335,50692,48565,48508,46363
602,M,14 St - Union Sq,N Q R W L 4 5 6,40.734836,-73.990688,109272,105118,106380,107352,108000,108158,109472,108440,106718,107141,103572,101832
603,Bx,149 St - Grand Concourse,4 2 5,40.81841,-73.926718,11395,12056,12744,13422,13599,14380,14576,14465,14460,14063,13081,12960
604,Bx,161 St - Yankee Stadium,B D 4,40.827905,-73.925651,26511,26061,26159,26631,27604,26972,27541,27020,26947,26674,26034,25642
605,M,168 St - Washington Hts,A C 1,40.840719,-73.939561,23458,23592,23572,24019,24580,25041,25659,25845,25879,25589,26138,20079
606,Q,Court Sq - 23 St,E M G 7,40.747257,-73.945112,29042,25140,24848,21610,18631,20446,22433,22717,23317,23672,23995,23600
607,M,34 St - Herald Sq,N Q R W B D F M,40.749533,-73.987899,126117,119202,120764,121081,121120,122517,125355,126776,125682,127664,126576,125498
608,Bk,4 Av - 9 St,R F G,40.67032,-73.988757,10789,10895,11412,12479,13471,13156,12835,13126,13116,13962,12560,12563
609,M,42 St - Bryant Pk / 5 Av,B D F M 7,40.754198,-73.984573,48939,46431,47741,50375,51962,53222,54289,55400,57793,57395,55872,58339
610,M,Grand Central - 42 St,4 5 6 7 S,40.751849,-73.976945,153747,144904,144350,147644,150266,153861,157899,160294,158580,154711,155345,157273
611,M,Times Sq - 42 St / Port Authority Bus Terminal,N Q R W A C E 1 2 3 7 S,40.755905,-73.986504,189506,181224,182170,189426,195464,197696,204908,206247,202363,203545,204017,205159
612,M,Lexington Av / 51 St,E M 6,40.758353,-73.970991,70667,64389,62774,66045,67821,69973,70606,70686,69750,66118,64499,66260
613,M,Lexington Av / 59 St,N W R 4 5 6,40.762796,-73.967686,65013,61403,63138,65855,67478,67841,69332,68988,67684,58467,55608,54907
614,M,59 St - Columbus Circle,A B C D 1,40.76811,-73.981891,66969,65376,66058,67901,69653,72236,74572,73954,73836,73105,73003,72959
615,Bk,62 St / New Utrecht Av,D N,40.625419,-73.996632,5161,5052,5155,5340,5883,5159,5270,5551,5602,5217,4673,4736
616,Q,Jackson Hts-Roosevelt Av / 74 St,E F M R 7,40.746655,-73.891361,49156,48426,49216,49828,50194,50841,51285,51925,52296,52018,51766,52159
617,Bk,Atlantic Av - Barclays Ctr,D N R B Q 2 3 4 5,40.684063,-73.977417,31657,31408,32497,33160,35670,39871,41645,42231,42711,42095,43211,43498
618,M,14 St / 8 Av,L A C E,40.740388,-74.002104,36735,35157,36777,38802,40990,42718,43953,45253,44680,43434,44031,44370
619,M,Broadway-Lafayette St / Bleecker St,B D F M 6,40.725665,-73.995645,33377,32489,34191,36301,37283,38799,40148,39724,39058,37986,36493,38527
620,Bk,Borough Hall / Court St,2 3 4 5 R,40.692404,-73.990151,36639,37057,38057,38026,38088,38428,38944,38559,38089,36762,35599,34939
621,Bk,Broadway Junction,J Z L A C,40.678848,-73.904139,8913,8528,8412,8441,8790,8863,9149,9251,9189,8681,8142,7813
622,M,Brooklyn Bridge-City Hall/Chambers St,J Z 4 5 6,40.713159,-74.003917,36656,36679,36939,36350,36993,36680,37160,35858,34352,31804,30932,30961
623,M,Canal St,R W N Q J Z 6,40.718697,-74.000977,47383,46450,46435,45700,45952,44696,44362,44409,45030,47601,47034,47629
624,M,Chambers St / WTC / Park Place / Cortlandt St,A C E 2 3 R W,40.713061,-74.008777,54437,51423,54032,57923,59982,58923,61076,66165,67906,70356,72396,71970
625,M,Delancey St / Essex St,J M Z F,40.71838,-73.987813,19078,19380,20798,22127,22846,23691,24154,24902,25625,24993,24562,26685
626,Bk,Franklin Av / Botanic Garden,S 2 3 4 5,40.670499,-73.958759,13537,13557,14071,14795,15352,15775,15787,15866,15834,15269,14581,15412
627,Bk,Franklin Av,S C,40.681159,-73.956056,5022,4906,5348,5786,6111,6227,6492,6468,6289,6333,6358,6234
628,M,Fulton St,J Z A C 2 3 4 5,40.709938,-74.007983,68975,65635,64287,63203,62779,64461,69444,74676,85440,91771,92990,94607
629,Bk,Metropolitan Av / Lorimer St,L G,40.713875,-73.951592,11436,11846,12556,12815,13344,14004,14573,15131,15082,14752,14299,13985
630,Bk,Myrtle - Wyckoff Avs,M L,40.699707,-73.91181,16026,16030,16445,16689,17537,18167,19203,19490,19673,22434,21241,18735
635,M,South Ferry / Whitehall,R W 1,40.703087,-74.012994,28948,29284,29014,29583,26576,20405,23017,28809,29534,33019,33797,34033
636,Bk,Jay St - MetroTech,R A C F,40.692338,-73.987342,36596,35723,35884,38037,39561,40183,41405,43456,44267,43833,42274,41455
